Workbook

Sheet Raw Data
A1: CI 파이프라인 반복 측정 — 원본 타임스탬프
A2: 브랜치: main · 트리거: workflow_dispatch · 워크플로: CI Security Pipeline · 시각 기준: UTC
A3: G~H열: KST = UTC + 9시간 (D~E열 UTC 값 기준 수식)
A4: Job | B4: Run | C4: Run ID | D4: Started At (UTC) | E4: Completed At (UTC) | F4: Duration (sec) | G4: Started At (KST) | H4: Completed At (KST)
A5: Gitleaks Secret Scan | B5: Run1 | C5: 36962044842 | D5: 46297.161 | E5: 46297.161 | F5: =(E5-D5)*86400 -> 4 | G5: =D5+9/24 -> 46297.536 | H5: =E5+9/24 -> 46297.536
A6: Gitleaks Secret Scan | B6: Run2 | C6: 36962408617 | D6: 46297.165 | E6: 46297.165 | F6: =(E6-D6)*86400 -> 5 | G6: =D6+9/24 -> 46297.54 | H6: =E6+9/24 -> 46297.54
A7: Gitleaks Secret Scan | B7: Run3 | C7: 36962777702 | D7: 46297.168 | E7: 46297.168 | F7: =(E7-D7)*86400 -> 6 | G7: =D7+9/24 -> 46297.543 | H7: =E7+9/24 -> 46297.543
A8: Gitleaks Secret Scan | B8: Run4 | C8: 36963151413 | D8: 46297.172 | E8: 46297.172 | F8: =(E8-D8)*86400 -> 5 | G8: =D8+9/24 -> 46297.547 | H8: =E8+9/24 -> 46297.547
A9: Gitleaks Secret Scan | B9: Run5 | C9: 36963520182 | D9: 46297.175 | E9: 46297.175 | F9: =(E9-D9)*86400 -> 5 | G9: =D9+9/24 -> 46297.55 | H9: =E9+9/24 -> 46297.55
A10: Checkov + tfsec | B10: Run1 | C10: 36962044842 | D10: 46297.161 | E10: 46297.162 | F10: =(E10-D10)*86400 -> 51 | G10: =D10+9/24 -> 46297.536 | H10: =E10+9/24 -> 46297.537
A11: Checkov + tfsec | B11: Run2 | C11: 36962408617 | D11: 46297.165 | E11: 46297.165 | F11: =(E11-D11)*86400 -> 39 | G11: =D11+9/24 -> 46297.54 | H11: =E11+9/24 -> 46297.54
A12: Checkov + tfsec | B12: Run3 | C12: 36962777702 | D12: 46297.168 | E12: 46297.169 | F12: =(E12-D12)*86400 -> 50 | G12: =D12+9/24 -> 46297.543 | H12: =E12+9/24 -> 46297.544
A13: Checkov + tfsec | B13: Run4 | C13: 36963151413 | D13: 46297.172 | E13: 46297.172 | F13: =(E13-D13)*86400 -> 48 | G13: =D13+9/24 -> 46297.547 | H13: =E13+9/24 -> 46297.547
A14: Checkov + tfsec | B14: Run5 | C14: 36963520182 | D14: 46297.175 | E14: 46297.176 | F14: =(E14-D14)*86400 -> 55 | G14: =D14+9/24 -> 46297.55 | H14: =E14+9/24 -> 46297.551
A15: SBOM Diff and Risk Scan | B15: Run1 | C15: 36962044842 | D15: 46297.162 | E15: 46297.163 | F15: =(E15-D15)*86400 -> 90 | G15: =D15+9/24 -> 46297.537 | H15: =E15+9/24 -> 46297.538
A16: SBOM Diff and Risk Scan | B16: Run2 | C16: 36962408617 | D16: 46297.165 | E16: 46297.166 | F16: =(E16-D16)*86400 -> 87 | G16: =D16+9/24 -> 46297.54 | H16: =E16+9/24 -> 46297.541
... A39: Cosign Keyless Sign | B39: Run5 | C39: 36963520182 | D39: 46297.178 | E39: 46297.178 | F39: =(E39-D39)*86400 -> 14 | G39: =D39+9/24 -> 46297.553 | H39: =E39+9/24 -> 46297.553

Sheet Summary
A1: CI 파이프라인 Job별 소요 시간 — 5회 반복 측정
A2: 단위: 초(sec) · 평균/표준편차는 Raw Data 시트 값을 SUMIFS로 집계한 수식
A4: Job | B4: Run1 (Cold) | C4: Run2 (Warm) | D4: Run3 (Warm) | E4: Run4 (Warm) | F4: Run5 (Warm) | G4: 평균 | H4: 표준편차(모집단)
A5: Gitleaks Secret Scan | B5: =SUMIFS('Raw Data'!$F$5:$F$39,'Raw Data'!$A$5:$A$39,$A5,'Raw Data'!$B$5:$B$39,"Run1") -> 4 | C5: =SUMIFS('Raw Data'!$F$5:$F$39,'Raw Data'!$A$5:$A$39,$A5,'Raw Data'!$B$5:$B$39,"Run2") -> 5 | D5: =SUMIFS('Raw Data'!$F$5:$F$39,'Raw Data'!$A$5:$A$39,$A5,'Raw Data'!$B$5:$B$39,"Run3") -> 6 | E5: =SUMIFS('Raw Data'!$F$5:$F$39,'Raw Data'!$A$5:$A$39,$A5,'Raw Data'!$B$5:$B$39,"Run4") -> 5 | F5: =SUMIFS('Raw Data'!$F$5:$F$39,'Raw Data'!$A$5:$A$39,$A5,'Raw Data'!$B$5:$B$39,"Run5") -> 5 | G5: =AVERAGE(B5:F5) -> 5 | H5: =STDEVP(B5:F5) -> 0.63245553
A6: Checkov + tfsec | B6: =SUMIFS('Raw Data'!$F$5:$F$39,'Raw Data'!$A$5:$A$39,$A6,'Raw Data'!$B$5:$B$39,"Run1") -> 51 | C6: =SUMIFS('Raw Data'!$F$5:$F$39,'Raw Data'!$A$5:$A$39,$A6,'Raw Data'!$B$5:$B$39,"Run2") -> 39 | D6: =SUMIFS('Raw Data'!$F$5:$F$39,'Raw Data'!$A$5:$A$39,$A6,'Raw Data'!$B$5:$B$39,"Run3") -> 50 | E6: =SUMIFS('Raw Data'!$F$5:$F$39,'Raw Data'!$A$5:$A$39,$A6,'Raw Data'!$B$5:$B$39,"Run4") -> 48 | F6: =SUMIFS('Raw Data'!$F$5:$F$39,'Raw Data'!$A$5:$A$39,$A6,'Raw Data'!$B$5:$B$39,"Run5") -> 55 | G6: =AVERAGE(B6:F6) -> 48.6 | H6: =STDEVP(B6:F6) -> 5.3141321
A7: SBOM Diff and Risk Scan | B7: =SUMIFS('Raw Data'!$F$5:$F$39,'Raw Data'!$A$5:$A$39,$A7,'Raw Data'!$B$5:$B$39,"Run1") -> 90 | C7: =SUMIFS('Raw Data'!$F$5:$F$39,'Raw Data'!$A$5:$A$39,$A7,'Raw Data'!$B$5:$B$39,"Run2") -> 87 | D7: =SUMIFS('Raw Data'!$F$5:$F$39,'Raw Data'!$A$5:$A$39,$A7,'Raw Data'!$B$5:$B$39,"Run3") -> 91 | E7: =SUMIFS('Raw Data'!$F$5:$F$39,'Raw Data'!$A$5:$A$39,$A7,'Raw Data'!$B$5:$B$39,"Run4") -> 88 | F7: =SUMIFS('Raw Data'!$F$5:$F$39,'Raw Data'!$A$5:$A$39,$A7,'Raw Data'!$B$5:$B$39,"Run5") -> 80 | G7: =AVERAGE(B7:F7) -> 87.2 | H7: =STDEVP(B7:F7) -> 3.8678159
A8: Build Docker Image | B8: =SUMIFS('Raw Data'!$F$5:$F$39,'Raw Data'!$A$5:$A$39,$A8,'Raw Data'!$B$5:$B$39,"Run1") -> 23 | C8: =SUMIFS('Raw Data'!$F$5:$F$39,'Raw Data'!$A$5:$A$39,$A8,'Raw Data'!$B$5:$B$39,"Run2") -> 27 | D8: =SUMIFS('Raw Data'!$F$5:$F$39,'Raw Data'!$A$5:$A$39,$A8,'Raw Data'!$B$5:$B$39,"Run3") -> 25 | E8: =SUMIFS('Raw Data'!$F$5:$F$39,'Raw Data'!$A$5:$A$39,$A8,'Raw Data'!$B$5:$B$39,"Run4") -> 27 | F8: =SUMIFS('Raw Data'!$F$5:$F$39,'Raw Data'!$A$5:$A$39,$A8,'Raw Data'!$B$5:$B$39,"Run5") -> 22 | G8: =AVERAGE(B8:F8) -> 24.8 | H8: =STDEVP(B8:F8) -> 2.0396078
A9: Trivy Image Scan | B9: =SUMIFS('Raw Data'!$F$5:$F$39,'Raw Data'!$A$5:$A$39,$A9,'Raw Data'!$B$5:$B$39,"Run1") -> 65 | C9: =SUMIFS('Raw Data'!$F$5:$F$39,'Raw Data'!$A$5:$A$39,$A9,'Raw Data'!$B$5:$B$39,"Run2") -> 39 | D9: =SUMIFS('Raw Data'!$F$5:$F$39,'Raw Data'!$A$5:$A$39,$A9,'Raw Data'!$B$5:$B$39,"Run3") -> 47 | E9: =SUMIFS('Raw Data'!$F$5:$F$39,'Raw Data'!$A$5:$A$39,$A9,'Raw Data'!$B$5:$B$39,"Run4") -> 35 | F9: =SUMIFS('Raw Data'!$F$5:$F$39,'Raw Data'!$A$5:$A$39,$A9,'Raw Data'!$B$5:$B$39,"Run5") -> 39 | G9: =AVERAGE(B9:F9) -> 45 | H9: =STDEVP(B9:F9) -> 10.733126
A10: Push Image to ECR | B10: =SUMIFS('Raw Data'!$F$5:$F$39,'Raw Data'!$A$5:$A$39,$A10,'Raw Data'!$B$5:$B$39,"Run1") -> 33 | C10: =SUMIFS('Raw Data'!$F$5:$F$39,'Raw Data'!$A$5:$A$39,$A10,'Raw Data'!$B$5:$B$39,"Run2") -> 31 | D10: =SUMIFS('Raw Data'!$F$5:$F$39,'Raw Data'!$A$5:$A$39,$A10,'Raw Data'!$B$5:$B$39,"Run3") -> 36.999999 | E10: =SUMIFS('Raw Data'!$F$5:$F$39,'Raw Data'!$A$5:$A$39,$A10,'Raw Data'!$B$5:$B$39,"Run4") -> 31 | F10: =SUMIFS('Raw Data'!$F$5:$F$39,'Raw Data'!$A$5:$A$39,$A10,'Raw Data'!$B$5:$B$39,"Run5") -> 29.999999 | G10: =AVERAGE(B10:F10) -> 32.399999 | H10: =STDEVP(B10:F10) -> 2.4979989
A11: Cosign Keyless Sign | B11: =SUMIFS('Raw Data'!$F$5:$F$39,'Raw Data'!$A$5:$A$39,$A11,'Raw Data'!$B$5:$B$39,"Run1") -> 14 | C11: =SUMIFS('Raw Data'!$F$5:$F$39,'Raw Data'!$A$5:$A$39,$A11,'Raw Data'!$B$5:$B$39,"Run2") -> 13 | D11: =SUMIFS('Raw Data'!$F$5:$F$39,'Raw Data'!$A$5:$A$39,$A11,'Raw Data'!$B$5:$B$39,"Run3") -> 12 | E11: =SUMIFS('Raw Data'!$F$5:$F$39,'Raw Data'!$A$5:$A$39,$A11,'Raw Data'!$B$5:$B$39,"Run4") -> 13.999999 | F11: =SUMIFS('Raw Data'!$F$5:$F$39,'Raw Data'!$A$5:$A$39,$A11,'Raw Data'!$B$5:$B$39,"Run5") -> 14 | G11: =AVERAGE(B11:F11) -> 13.4 | H11: =STDEVP(B11:F11) -> 0.79999983
A12: Job 소요시간 합계 | B12: =SUM(B5:B11) -> 280 | C12: =SUM(C5:C11) -> 241 | D12: =SUM(D5:D11) -> 268 | E12: =SUM(E5:E11) -> 248 | F12: =SUM(F5:F11) -> 245 | G12: =AVERAGE(B12:F12) -> 256.4 | H12: =STDEVP(B12:F12) -> 15.027974
A13: 전체 파이프라인 (시작~종료, wall-clock) | B13: =(_xlfn.MAXIFS('Raw Data'!$E$5:$E$39,'Raw Data'!$B$5:$B$39,"Run1")-_xlfn.MINIFS('Raw Data'!$D$5:$D$39,'Raw Data'!$B$5:$B$39,"Run1"))*86400 -> 298 | C13: =(_xlfn.MAXIFS('Raw Data'!$E$5:$E$39,'Raw Data'!$B$5:$B$39,"Run2")-_xlfn.MINIFS('Raw Data'!$D$5:$D$39,'Raw Data'!$B$5:$B$39,"Run2"))*86400 -> 258 | D13: =(_xlfn.MAXIFS('Raw Data'!$E$5:$E$39,'Raw Data'!$B$5:$B$39,"Run3")-_xlfn.MINIFS('Raw Data'!$D$5:$D$39,'Raw Data'!$B$5:$B$39,"Run3"))*86400 -> 285 | E13: =(_xlfn.MAXIFS('Raw Data'!$E$5:$E$39,'Raw Data'!$B$5:$B$39,"Run4")-_xlfn.MINIFS('Raw Data'!$D$5:$D$39,'Raw Data'!$B$5:$B$39,"Run4"))*86400 -> 263 | F13: =(_xlfn.MAXIFS('Raw Data'!$E$5:$E$39,'Raw Data'!$B$5:$B$39,"Run5")-_xlfn.MINIFS('Raw Data'!$D$5:$D$39,'Raw Data'!$B$5:$B$39,"Run5"))*86400 -> 260 | G13: =AVERAGE(B13:F13) -> 272.8 | H13: =STDEVP(B13:F13) -> 15.892136
A14: Job간 대기(스케줄링) 오버헤드 | B14: =B13-B12 -> 18 | C14: =C13-C12 -> 16.999999 | D14: =D13-D12 -> 17.000001 | E14: =E13-E12 -> 15.000001 | F14: =F13-F12 -> 15.000002
A16: 주: Run1은 Trivy DB 캐시가 없는 최초(콜드) 실행, Run2~5는 당일 재실행(웜)으로 캐시 적중 상태입니다.
A17: 표준편차는 모집단 표준편차(STDEVP)를 사용했습니다. 출처: GitHub Actions `gh run view --json jobs` (Run ID는 Raw Data 시트 참고).

Sheet Cold vs Warm
A1: 콜드(최초 실행) vs 웜(캐시 적중) 비교
A2: Summary 시트 값을 참조한 수식 — Run2~5(웜) 평균과 Run1(콜드)을 비교
A4: Job | B4: Run1 (Cold) | C4: Run2~5 평균 (Warm) | D4: 차이 (Cold-Warm) | E4: 차이 비율
A5: Gitleaks Secret Scan | B5: =Summary!B5 -> 4 | C5: =AVERAGE(Summary!C5:F5) -> 5.25 | D5: =B5-C5 -> -1.25 | E5: =IFERROR(D5/C5,0) -> -0.23809524
A6: Checkov + tfsec | B6: =Summary!B6 -> 51 | C6: =AVERAGE(Summary!C6:F6) -> 48 | D6: =B6-C6 -> 3 | E6: =IFERROR(D6/C6,0) -> 0.0625
A7: SBOM Diff and Risk Scan | B7: =Summary!B7 -> 90 | C7: =AVERAGE(Summary!C7:F7) -> 86.5 | D7: =B7-C7 -> 3.5 | E7: =IFERROR(D7/C7,0) -> 0.040462428
A8: Build Docker Image | B8: =Summary!B8 -> 23 | C8: =AVERAGE(Summary!C8:F8) -> 25.25 | D8: =B8-C8 -> -2.25 | E8: =IFERROR(D8/C8,0) -> -0.089108911
A9: Trivy Image Scan | B9: =Summary!B9 -> 65 | C9: =AVERAGE(Summary!C9:F9) -> 40 | D9: =B9-C9 -> 25 | E9: =IFERROR(D9/C9,0) -> 0.625
A10: Push Image to ECR | B10: =Summary!B10 -> 33 | C10: =AVERAGE(Summary!C10:F10) -> 32.249999 | D10: =B10-C10 -> 0.75000064 | E10: =IFERROR(D10/C10,0) -> 0.023255834
A11: Cosign Keyless Sign | B11: =Summary!B11 -> 14 | C11: =AVERAGE(Summary!C11:F11) -> 13.25 | D11: =B11-C11 -> 0.75000028 | E11: =IFERROR(D11/C11,0) -> 0.056603796
A12: Job 소요시간 합계 | B12: =Summary!B12 -> 280 | C12: =AVERAGE(Summary!C12:F12) -> 250.5 | D12: =B12-C12 -> 29.500001 | E12: =IFERROR(D12/C12,0) -> 0.11776448
A13: 전체 파이프라인 (시작~종료, wall-clock) | B13: =Summary!B13 -> 298 | C13: =AVERAGE(Summary!C13:F13) -> 266.5 | D13: =B13-C13 -> 31.5 | E13: =IFERROR(D13/C13,0) -> 0.11819887
A15: 해석: 콜드-웜 차이는 대부분 Trivy Image Scan의 DB 최초 다운로드 비용에서 발생합니다 (날짜 기준 캐시, actions/cache@v4).
